"date","author","body","titles","urls"
"10 minutos","Miguel Rivera Puig, EL VOCERO","Seis muertes violentas se registraron ayer y otras tres el viernes, entre ellas la de una niña de nueve meses de nacida golpeada brutalmente por su madre, sumando 86 los asesinatos desde que comenzó el año, un aumento de tres comparado con 2020.El último de los hechos del cruento fin de semana se escenificó a las 10:41 de la noche de ayer, frente al edificio 11 en el residencial Roosevelt, en Mayagüez.Sicarios ultimaron a balazos a Jan Carlos Rodríguez Rodríguez, de 26 años, con domicilio en la urbanización Riveras. La víctima tenía antecedentes penales por tentativa de asesinato, armas, drogas y resistencia al arresto.A las 9:44 de la noche de ayer, fue asesinado Jorge Luis Guerra Burgos, de 42 años, por pistoleros que lo acechaban en la PR-837 en el barrio Santa Rosa I, en Guaynabo. La víctima, con antecedentes de tentativa de asesinatos, armas, drogas y apropiación ilegal, salió de su casa en un Honda Accord modelo de 1997, y de inmediato fue mortalmente tiroteado.A la 1:49 de la tarde de ayer, ocurrió un doble asesinato en la PR-155 en la urbanización Alturas de Vega Baja. Los jóvenes Jean Carlos del Valle Arroyo, de 26 años, con antecedentes por armas, drogas y Ley Vehicular, y Justo Joered Pagán Pagán, de 22 años, con antecedentes por drogas, ambos vecinos de Alturas de Vega Baja, fueron mortalmente baleados cuando viajaban en un Honda Accord modelo de 2019.A las 8:26 de la mañana de ayer, fue hallado el cadáver baleado de José Montalvo Mártir en el interior de un Chrysler 300 estacionado cerca de una escuela en la PR-129, en el barrio Hato Arriba, en Arecibo. La víctima tenía antecedentes por armas, amenaza y violencia doméstica.A las 5:15 de la madrugada de ayer, y en medio de una balacera en el residencial Barbosa, en Bayamón, un joven de 18 años resultó muerto y otro de 28 años herido.Al llegar la Policía al lugar respondiendo al sistema de detección de disparos, las víctimas habían sido llevadas por vecinos a distintos hospitales.Jonathan Yamil Cruz Ramírez fue declarado muerto en un hospital privado. Según la Policía, ya había sido fichado como adulto por un caso de drogas.El herido fue atendido en un hospital en Bayamón.En los informes policiales, fue agregado como asesinato la muerte de la infanta Alondra Marie Irizarry Colón, ocurrido en la mañana del viernes en el residencial Rincón Taíno en Santa Isabel.Daisy Colón Torres, de 27 años, madre de la menor, fue acusada ayer de asesinato en primer grado y sumariada en una cárcel cuando no prestó la fianza de $800 mil que le fue señalada por una jueza en Ponce.","Se registran nueve asesinatos en el fin de semana","/ley-y-orden/se-registran-nueve-asesinatos-en-el-fin-de-semana/article_de3bf266-6eb8-11eb-a012-6b1df6ad74c7.html"
"14/02/2021","Associated Press","DUBÁI, Emiratos Árabes Unidos — Emiratos Árabes Unidos publicó hoy la primera imagen tomada por su sonda marciana, que está orbitando en torno al planeta rojo.La fotografía, tomada, el miércoles, muestra la luz del sol iluminando la superficie del planeta. Muestra el polo norte Marte, así como su volcán más grande, el Monte Olimpo.La imagen fue tomada por la sonda espacial Amal, o “Esperanza”.La nave entró el martes en la órbita marciana, un triunfo para la primera misión interplanetaria árabe.","Emiratos Árabes publica la primera foto de su misión a Marte","/el-mundo/emiratos-rabes-publica-la-primera-foto-de-su-misi-n-a-marte/article_075dcf7c-6eb7-11eb-869c-cb57c9059d81.html"
"14/02/2021","Mari Yamaguchi, Associated Press","JAPÓN — Las autoridades japonesas aprobaron hoy su primera vacuna contra el Covid-19 y dijeron que comenzarían las vacunaciones en cuestión de días, meses después de Estados Unidos y muchos otros países.El Ministerio japonés de Salud dijo que había aprobado la vacuna codesarrollada por Pfizer Inc. y BioNTech.El anuncio se produjo después de que un comité del gobierno confirmara que los resultados finales de los ensayos clínicos realizados en Japón mostraron que la vacuna tenía una eficacia similar a la registrada en los ensayos en el extranjero.Muchos países comenzaron a vacunar a sus ciudadanos a finales del año pasado, y la vacuna de Pfizer se ha utilizado en otros lugares desde diciembre.Según el plan actual, unos 20,000 trabajadores médicos de primera línea en hospitales de Japón serán los primeros en vacunarse a partir del miércoles, aproximadamente. Otros 3.7 millones de trabajadores médicos irán después, seguidos por ancianos que deberían recibir sus inyecciones a partir de abril. Se espera que la población general pueda optar a vacunarse a partir de junio.Las vacunas están consideradas como cruciales para celebrar los aplazados Juegos Olímpicos de Tokio este verano. Se espera que Japón reciba 144 millones de dosis de Pfizer, 120 millones de AstraZeneca y unos 50 millones de Moderna antes de final de año, suficiente para cubrir a su población.Las vacunas desarrolladas en Japón están aún en las primeras fases de desarrollo, de modo que el país debe recurrir a importaciones. AstraZeneca pidió hace poco la aprobación de su fármaco en Japón, mientras que Moderna no lo ha hecho aún. La dependencia de Japón a las importaciones, muchas de ellas sujetas a los controles de exportación de la UE, también ha causado preocupación sobre el suministro.","Japón aprueba su primera vacuna contra el Covid-19","/el-mundo/jap-n-aprueba-su-primera-vacuna-contra-el-covid-19/article_29986bf2-6eb6-11eb-9ff9-9fc855aca1d0.html"
"29 minutos","Redacción elvocero.com","El Departamento de Salud reportó hoy en su informe 216 pacientes hospitalizados por Covid-19, un aumento de tres en comparación a la cifra informada ayer.Según la agencia, de las 216 personas hospitalizadas, hay 50 pacientes adultos en cuidados intensivos y 46 con ventilador.El número de hospitalizados por el virus se ha mantenido por debajo de los 300 —excepto el 3 de febrero— por las pasadas tres semanas.

Al momento, el País cuenta con 2,850 camas para adultos, 177 camas de intensivo y 795 ventiladores, así como 848 camas pediátricas, 64 camas de intensivo y 135 ventiladores pediátricos.
                        
                
                    
                
                
                
                
        
                        
                
            
            
        
                    
                
                
            
                
                
                    Gobierno
                
            
            
        
             
        

        
            Salud reporta cinco muertes y 920 casos adicionales de Covid-19
            Redacción elvocero.com
                
                    
                    
                    
                    
                    
                    
                    
                    
                
            
            
        Salud reportó hoy 930 casos entre confirmados y sospechosos.Con esto, la cifra acumulada asciende a 172,797 casos y a 1,919 muertes, entre confirmadas y probables, desde que comenzó la pandemia.","En 216 las hospitalizaciones por Covid-19","/gobierno/en-216-las-hospitalizaciones-por-covid-19/article_48983840-6eb4-11eb-a23d-171a9819d125.html"
"una hora","Miguel Rivera Puig, EL VOCERO","Seis muertes violentas se registraron ayer y otras tres el viernes, entre ellas la de una niña de nueve meses de nacida golpeada brutalmente por su madre, sumando 86 los asesinatos desde que comenzó el año, un aumento de tres comparado con 2020.El último de los hechos del cruento fin de semana se escenificó a las 10:41 de la noche de ayer, frente al edificio 11 en el residencial Roosevelt, en Mayagüez.Sicarios ultimaron a balazos a Jan Carlos Rodríguez Rodríguez, de 26 años, con domicilio en la urbanización Riveras. La víctima tenía antecedentes penales por tentativa de asesinato, armas, drogas y resistencia al arresto.A las 9:44 de la noche de ayer, fue asesinado Jorge Luis Guerra Burgos, de 42 años, por pistoleros que lo acechaban en la PR-837 en el barrio Santa Rosa I, en Guaynabo. La víctima, con antecedentes de tentativa de asesinatos, armas, drogas y apropiación ilegal, salió de su casa en un Honda Accord modelo de 1997, y de inmediato fue mortalmente tiroteado.A la 1:49 de la tarde de ayer, ocurrió un doble asesinato en la PR-155 en la urbanización Alturas de Vega Baja. Los jóvenes Jean Carlos del Valle Arroyo, de 26 años, con antecedentes por armas, drogas y Ley Vehicular, y Justo Joered Pagán Pagán, de 22 años, con antecedentes por drogas, ambos vecinos de Alturas de Vega Baja, fueron mortalmente baleados cuando viajaban en un Honda Accord modelo de 2019.A las 8:26 de la mañana de ayer, fue hallado el cadáver baleado de José Montalvo Mártir en el interior de un Chrysler 300 estacionado cerca de una escuela en la PR-129, en el barrio Hato Arriba, en Arecibo. La víctima tenía antecedentes por armas, amenaza y violencia doméstica.A las 5:15 de la madrugada de ayer, y en medio de una balacera en el residencial Barbosa, en Bayamón, un joven de 18 años resultó muerto y otro de 28 años herido.Al llegar la Policía al lugar respondiendo al sistema de detección de disparos, las víctimas habían sido llevadas por vecinos a distintos hospitales.Jonathan Yamil Cruz Ramírez fue declarado muerto en un hospital privado. Según la Policía, ya había sido fichado como adulto por un caso de drogas.El herido fue atendido en un hospital en Bayamón.En los informes policiales, fue agregado como asesinato la muerte de la infanta Alondra Marie Irizarry Colón, ocurrido en la mañana del viernes en el residencial Rincón Taíno en Santa Isabel.Daisy Colón Torres, de 27 años, madre de la menor, fue acusada ayer de asesinato en primer grado y sumariada en una cárcel cuando no prestó la fianza de $800 mil que le fue señalada por una jueza en Ponce.","Se registran nueve asesinatos en el fin de semana","/ley-y-orden/se-registran-nueve-asesinatos-en-el-fin-de-semana/article_de3bf266-6eb8-11eb-a012-6b1df6ad74c7.html"
"una hora","Miguel Rivera Puig, EL VOCERO","Seis muertes violentas se registraron ayer y otras tres el viernes, entre ellas la de una niña de nueve meses de nacida golpeada brutalmente por su madre, sumando 86 los asesinatos desde que comenzó el año, un aumento de tres comparado con 2020.El último de los hechos del cruento fin de semana se escenificó a las 10:41 de la noche de ayer, frente al edificio 11 en el residencial Roosevelt, en Mayagüez.Sicarios ultimaron a balazos a Jan Carlos Rodríguez Rodríguez, de 26 años, con domicilio en la urbanización Riveras. La víctima tenía antecedentes penales por tentativa de asesinato, armas, drogas y resistencia al arresto.A las 9:44 de la noche de ayer, fue asesinado Jorge Luis Guerra Burgos, de 42 años, por pistoleros que lo acechaban en la PR-837 en el barrio Santa Rosa I, en Guaynabo. La víctima, con antecedentes de tentativa de asesinatos, armas, drogas y apropiación ilegal, salió de su casa en un Honda Accord modelo de 1997, y de inmediato fue mortalmente tiroteado.A la 1:49 de la tarde de ayer, ocurrió un doble asesinato en la PR-155 en la urbanización Alturas de Vega Baja. Los jóvenes Jean Carlos del Valle Arroyo, de 26 años, con antecedentes por armas, drogas y Ley Vehicular, y Justo Joered Pagán Pagán, de 22 años, con antecedentes por drogas, ambos vecinos de Alturas de Vega Baja, fueron mortalmente baleados cuando viajaban en un Honda Accord modelo de 2019.A las 8:26 de la mañana de ayer, fue hallado el cadáver baleado de José Montalvo Mártir en el interior de un Chrysler 300 estacionado cerca de una escuela en la PR-129, en el barrio Hato Arriba, en Arecibo. La víctima tenía antecedentes por armas, amenaza y violencia doméstica.A las 5:15 de la madrugada de ayer, y en medio de una balacera en el residencial Barbosa, en Bayamón, un joven de 18 años resultó muerto y otro de 28 años herido.Al llegar la Policía al lugar respondiendo al sistema de detección de disparos, las víctimas habían sido llevadas por vecinos a distintos hospitales.Jonathan Yamil Cruz Ramírez fue declarado muerto en un hospital privado. Según la Policía, ya había sido fichado como adulto por un caso de drogas.El herido fue atendido en un hospital en Bayamón.En los informes policiales, fue agregado como asesinato la muerte de la infanta Alondra Marie Irizarry Colón, ocurrido en la mañana del viernes en el residencial Rincón Taíno en Santa Isabel.Daisy Colón Torres, de 27 años, madre de la menor, fue acusada ayer de asesinato en primer grado y sumariada en una cárcel cuando no prestó la fianza de $800 mil que le fue señalada por una jueza en Ponce.","Se registran nueve asesinatos en el fin de semana","/ley-y-orden/se-registran-nueve-asesinatos-en-el-fin-de-semana/article_de3bf266-6eb8-11eb-a012-6b1df6ad74c7.html"
"14/02/2021","Redacción elvocero.com","La celebración del Día de la Amistad se convirtió en una peculiar caravana, en la que más de 50 estudiantes de la Bayamón Military Academy visitaron seis cuarteles para reconocer a los policías de Puerto Rico.El evento sirvió como antesala a la conmemoración de la Semana de los Policías, a celebrarse del 21 al 27 de febrero de 2021.Los estudiantes llevaron obsequios y entregaron placas de reconocimiento como muestra de agradecimiento y admiración por su labor policial. Durante las paradas, los profesionales pudieron compartir con los estudiantes sus diferentes roles en velar por la seguridad de los ciudadanos, reducir la incidencia criminal y la violación de las leyes para mantener el orden y la paz en el País.
                       
                   
            
            
                
                
                
                
        
            
                
                
            
            
                
                
                    
                                Suministrada
                            
                        
                        
                    “En la Bayamón Military Academy estamos enfocados en proveerle a nuestros estudiantes todas las herramientas que están a nuestro alcance para que tengan un desarrollo sano en un ambiente seguro. La labor de los policías de Puerto Rico es un gran ejemplo para nuestros estudiantes, que está alineada a nuestra visión. Nuestros jóvenes necesitan ejemplos de profesionales que tuvieron una formación que promovemos y respetamos en nuestra academia. Reconocemos su gran compromiso con las comunidades de nuestra Isla y quisimos llevarle un poco de alegría y agradecimiento”, expresó Joana Torres, maestra de la academia.
                       
                   
            
            
                
                
                
                
        
            
                
                
            
            
                
                
                    
                                Suministrada 
                            
                        
                        
                    La caravana visitó seis cuarteles en el municipio de Bayamón, finalizando con una parada especial en el Cuartel General en San Juan. Los policías recibieron a los estudiantes con gran emoción y sorprendidos por su visita.Bayamón Military Academy provee una educación que desarrolla las capacidades, habilidades y cualidades de liderazgo para los estudiantes, desde pre-kínder hasta duodécimo grado, basado en un enfoque militar. Para más información puede comunicarse al 787-798-6510.","Caravana de la amistad en honor a policías","/ley-y-orden/caravana-de-la-amistad-en-honor-a-polic-as/article_adae238a-6eae-11eb-9249-0b0b5cf770fb.html"
"13/02/2021","Redacción elvocero.com","El Agente Especial a Cargo de la Oficina de San Juan del Negociado Federal de Investigación (FBI, por sus siglas en inglés), Rafael A. Riviere Vázquez, anunció el arresto de Carlos A. Ortiz Santiago (Ortiz Santiago).Ortiz Santiago fue acusado mediante querella por violaciones al Título 18, Código de los Estados Unidos, United States Code, Seciones 2119 (Carjacking) 924(c) (Uso de un arma de fuego durante la comisión de un crimen violento) por eventos que ocurrieron en San Juan, Puerto Rico en diciembre del 2020.El sujeto fue arrestado por Agentes Especiales de la Escuadra de Crímenes Violentos de la Oficina de San Juan del FBI. El arresto se llevó a cabo el 10 de febrero de 2021 luego de que Ortiz Santiago fuera detenido por Agentes de la Policía de Puerto Rico.El enjuiciamiento de este caso está a cargo del Fiscal Federal Johathan Gottfried, de la Sección de Crímenes Violentos y es investigado por la Oficina de San Juan del FBI.Las confidencias e información ayudan al FBI y a sus colegas federales, estatales y locales en el desempeño de sus funciones. Por ello, se le solicita al público que contacte a la Oficina de San Juan del FBI al 787-987-6500, o reporte confidencias a través de la línea de pistas (tips) del FBI, disponible en la página de internet Tips.FBI.Gov.Los querellantes podrán permanecer anónimos.Se le recuerda al público que una Querella sólo contiene cargos y no es evidencia de culpabilidad. Todo acusado se presume inocente hasta que se pruebe lo contrario más allá de toda duda razonable. El Gobierno de los Estados Unidos tiene el peso de la prueba.","FBI arresta a hombre por carjacking y uso de arma de fuego","/ley-y-orden/fbi-arresta-a-hombre-por-carjacking-y-uso-de-arma-de-fuego/article_7043a66a-6e53-11eb-83c5-5b2de16fed01.html"
"13/02/2021","Redacción elvocero.com","La juez Annette Marie Santiago Díaz del Tribunal de Primera Instancia de Ponce determinó causa probable para arresto por el asesinato de una menor de unos 9 meses de nacida, contra Daisy Marie Colón Torres de 27 años, por hechos ocurridos el 12 de febrero de 2021 en Santa Isabel. Así lo dieron a conocer el secretario de justicia Domingo Emanuelli Hernández, la jefa de los fiscales Melissa Vázquez Sandoval y la fiscal de distrito de Ponce Marjorie Gierbolini La investigación del caso fue llevada por la fiscal Tasha Cruz Rodríguez en coordinación con el agente José I. Torres Cruz de la División de Homicidios del CIC de Ponce. La imputada Colón Torres llevó a su hija de 9 meses al centro de urgencias de Santa Isabel, al ser atendida por el médico de turno, éste certificó ausencia de signos vitales. La menor presentaba múltiples hematomas en diferentes partes del cuerpo, incluyendo la cara.  De la investigación se desprende que la menor fue sometida a un patrón de maltrato lo que le ocasionó la muerte. A la imputado Colón Torres se le radicó un cargo por el Artículo 93 Asesinato del Código Penal de Puerto Rico. La juez Santiago Díaz fijó una fianza de $800,000 la cual no fue prestada, siendo ingresada a la cárcel.   La vista preliminar fue señalada para el 3 de marzo de 2021.   # # #","Fiscalía de Ponce presenta cargos contra mujer por asesinato de bebé","/ley-y-orden/fiscal-a-de-ponce-presenta-cargos-contra-mujer-por-asesinato-de-beb/article_01d87cbe-6e44-11eb-a289-47f4e96aaf78.html"
"13/02/2021","InterNewsService","Agentes de la división Drogas de Yauco incautaron anoche un vehículo en cuyo interior fueron encontradas más de 770 dosis de sustancias controladas, dinero en efectivo y municiones, hechos registrados en la calle Del Río del barrio Quebrada, en Guayanilla.Al interior de un Toyota C-HR blanco del año 2021 fueron halladas 714 bolsitas de crack, 61 pastillas, un cargador con 19 municiones calibre .40 y 1,249 dólares en efectivo.No hubo arrestos relacionados con el caso.","Incautan más de 700 bolsitas de crack en Guayanilla","/ley-y-orden/incautan-m-s-de-700-bolsitas-de-crack-en-guayanilla/article_85559a52-6e41-11eb-9b13-1309ff82e132.html"
"16 horas","Redacción elvocero.com","Un doble asesinato se reportó a la 1:49 de la tarde de hoy en la carretera 155 frente a la panadería que ubica en la urbanización Alturas de Vega Baja en Vega Baja. De acuerdo a la información preliminar, una llamada a través del sistema de emergencias 9-1-1 alerto a las autoridades sobre los hechos, al llegar al lugar encontraron un vehículo Honda Accord color gris con múltiples impactos de bala y en el interior dos cuerpos con heridas de bala.  Agentes adscritos al Distrito de Vega Baja junto agentes de la División de Homicidios del Cuerpo de investigaciones Criminales de Vega Baja se encuentran en el lugar investigando.","Se reporta doble asesinato en Vega Baja","/ley-y-orden/se-reporta-doble-asesinato-en-vega-baja/article_d3fa10aa-6e39-11eb-a231-6f327d34f628.html"
"18 horas","InterNewsService","Un cajero automático valorado en 4,460 dólares se llevaron varios delincuentes durante un asalto perpetrado a las 2:34 de la madrugada de hoy en el garaje Total ubicado en la carretera 4491, sector Las Alcantarillas del barrio Puente, en Camuy.Según informó el querellante, Pablo Cordero, los individuos llegaron en un vehículo tipo van de color oscuro y cargaron un cajero automático ATM gris marca Hyosun de la compañía Easy Cash.El agente William Padín Jiménez, del distrito de Camuy, investigó preliminarmente, y luego refirió el caso a personal de la división de Delitos Contra la Propiedad del CIC de Arecibo.","Roban cajero automático de gasolinera en Camuy","/ley-y-orden/roban-cajero-autom-tico-de-gasolinera-en-camuy/article_b44d72c4-6e2a-11eb-a0eb-f794c239caa0.html"
"13/02/2021","InterNewsService","Un hombre que no ha sido identificado fue hallado muerto a las 7:50 de la mañana de hoy en su habitación del hotel La Concha, en Condado, sin signos evidentes de violencia.Una llamada al Sistema de Emergencias 911 dio cuenta de la situación, que fue investigada por agentes del precinto de Calle Loíza.El caso quedó en manos de personal de Homicidios del Cuerpo de Investigaciones Criminales (CIC) de San Juan.","Encuentran sin vida a hombre en hotel de Condado","/ley-y-orden/encuentran-sin-vida-a-hombre-en-hotel-de-condado/article_949a9f08-6e23-11eb-b739-afa71f944763.html"
"13/02/2021","InterNewsService","La Policía de Mayagüez arrestó a las 2:35 de la tarde del viernes a un oficial de Corrección y a una maestra del Departamento de Educación en medio de un allanamiento antidrogas ejecutado en el 31 de la calle Archilla Cabrera de la urbanización Hostos, en Mayagüez.En el lugar fueron arrestados Gerardo Hommy Pérez Valentín, de 47 años y oficial de la Institución Juvenil de Ponce, y a su pareja, Annette Michelle Rivera Orlandi, de 42 años.En el lugar se incautaron 62.9 gramos de cocaína, 89 pastillas controladas, parafernalia, dos manoplas y 2,690 dólares en efectivo. Además, se confiscaron tres pistolas Beretta. Una modelo 92FS, calibre 9mm, dos cargadores y 86 municiones de ese calibre otra modelo Gardone VT, calibre 380, con tres cargadores y 37 municiones y una 950BS, calibre .25, tres cargadores y 16 municiones del mismo calibre.Pérez Valentín posee licencia de tiro al blanco que expira el 20 de diciembre de 2022.Se consultó con la fiscal Odemarys De Jesús, de la Fiscalía de Mayagüez, quien citó el caso para el 18 de febrero para la presentación de cargos.Se le dio conocimiento a oficiales de alto rango del Departamento de Corrección y Rehabilitación, que procedió a iniciar una investigación interna y administrativa.","Arrestan a oficial de Corrección y a maestra por trasiego de drogas y posesión de armas","/ley-y-orden/arrestan-a-oficial-de-correcci-n-y-a-maestra-por-trasiego-de-drogas-y-posesi/article_24d374b2-6e12-11eb-a248-078496472b40.html"
"16 horas","InterNewsService","Un individuo de 27 años fue ultimado a tiros a las 10:22 de anoche en la parte posterior del kiosco número 60, en Luquillo.Una llamada al 911 alertó sobre una persona herida de bala, y al llegar las autoridades encontraron el cuerpo baleado de Lester González Carrasquillo, de 27 años y vecino de Río Grande, quien presentaba múltiples impactos de bala.El perjudicado fue llevado al hospital HIMA San Pablo, en Fajardo, donde el médico de turno solo pudo certificar su muerte.Asumieron las pesquisas agentes de Homicidios del Cuerpo de Investigaciones Criminales de Fajardo.","Asesinan a hombre en los kioscos de Luquillo","/ley-y-orden/asesinan-a-hombre-en-los-kioscos-de-luquillo/article_678191c8-6e0c-11eb-adac-0f18920368b7.html"
"22 horas","InterNewsService","Las autoridades policiales investigan la muerte de un hombre reportada en la mañana de hoy a través del sistema de emergencias 9-1-1, en la carretera PR-129 en el barrio Hoto Arroba, en Arecibo.Según se informó que al lugar se personaron los agentes del Precinto 107 de Arecibo, donde se localizó un vehículo color blanco de cuatro puertas y en cuyo interior se hallaba el cuerpo de un hombre, el cual presenta heridas de bala.No ha sido identificado por el momento y se desconocen más datos de lo ocurrido.","Asesinan a tiros a hombre dentro de vehículo en Arecibo","/ley-y-orden/asesinan-a-tiros-a-hombre-dentro-de-veh-culo-en-arecibo/article_bef092e2-6e07-11eb-a45d-e333562f3a68.html"
"Feb 12, 2021","Redacción elvocero.com","Un escalamiento fue reportado el día de ayer en una residencia que ubica en la carretera 156 Barrio Sabana en el pueblo de Orocovis.Se forzó la ventana de madera de una estructura anexa a la residencia, para tener acceso al interior de donde se apropiaron ilegalmente de tres cockatiel, dos cotorras quaker, 30 pericos y 22 love birds. La propiedad fue valorada aproximadamente en $1,790 dólares.Fue referido a la División de Propiedad del Cuerpo de Investigaciones Criminales de Aibonito para que se haga cargo de la investigación correspondiente.","Roban aves de residencia en Orocovis","/ley-y-orden/roban-aves-de-residencia-en-orocovis/article_d15b2e1a-6d4e-11eb-8f74-1b3e2d0c1f4e.html"
"Feb 12, 2021","InterNewsService","Una infanta de nueve meses fue llevada sin signos vitales y con rastros de violencia a la 1:27 de la madrugada de hoy al Centro de Diagnóstico y Tratamiento (CDT) de Santa Isabel.Según el informe del agente José Torres, de la División de Homicidios del Cuerpo de Investigaciones Criminales (CDC) de Ponce, Daisy Colón llegó con su hija al centro asistencial, donde el doctor Ongay solo pudo certificar su muerte.Se hicieron cargo de la investigación el agente Torres y el fiscal Juan Pumarejo, quien ordenó el levantamiento del cadáver y su envío al Negociado de Ciencias Forenses para que una autopsia determine con exactitud las causas del fallecimiento.","Llevan a infanta fallecida a CDT de Santa Isabel","/ley-y-orden/llevan-a-infanta-fallecida-a-cdt-de-santa-isabel/article_d10823f2-6d42-11eb-b139-07646f56870e.html"
"Feb 12, 2021","Redacción, EL VOCERO","Agentes de la División de Arrestos Especiales y Extradiciones de la Policía ocuparon en horas de la madrugada armas, municiones, dinero y sustancias controladas mientras buscaban a un individuo con orden de arresto en el Residencial Monte Hatillo, en San Juan.Al llegar hasta el apartamento donde se disponían a completar el arresto, los agentes se percataron que frente a un apartamento cercano había un individuo armado de un rifle de alto poder.El hombre salió corriendo hacia el apartamento al ver a los oficiales y escuchar el alto. En ese momento los policías corrieron tras el individuo.En el apartamento había otro individuo. Ambos abandonaron el rifle en un sofá y se lanzaron desde el balcón del apartamento. Desde abajo comenzaron a disparar a los policías, logrando huir del lugar. No hubo heridos.En el lugar se ocupó un rifle Anderson AM-15 calibre 223, un cargador, 52 municiones, 19 bolsas de marihuana, ocho envases cilíndricos, 42 bolsas de cocaína, 41 cápsulas de crack y 79 decks de heroína. También se ocupó $1,549 en efectivo, $14.91 en centavos, un radio scanner y dos listas de cuadre.","Ocupan armas y drogas en intervención en residencial","/ley-y-orden/ocupan-armas-y-drogas-en-intervenci-n-en-residencial/article_1f6dc670-6d3c-11eb-91b0-a70f3827b9e4.html"
"12/02/2021","Redacción elvocero.com","Un ciudadano informó a la Policía sobre el hallazgo de una embarcación con droga a orillas de la playa en el barrio Islote, en el pueblo de Arecibo.Al lugar se presentaron los agentes Héctor Román y Jorge Nieves Velázquez del Precinto 107 de Arecibo, donde localizaron una embarcación de 21 pies de eslora con sobre 10 fardos de sustancias controladas. Además, la Unidad Marítima de Arecibo localizó cuatro fardos más en el agua.Nadie fue detenido como resultado del hallazgo. Personal de las agencias federales y la Unidad Marítima del Negociado de la Policía de Puerto Rico, continuarán con la investigación.","Encuentran 14 fardos de sustancias controladas en Arecibo","/ley-y-orden/encuentran-14-fardos-de-sustancias-controladas-en-arecibo/article_03f10f34-6d36-11eb-849b-b393c7648c42.html"
"Feb 12, 2021","InterNewsService","Dos sujetos con expedientes criminales fueron asesinados a las 7:26 de anoche en la avenida San Carlos, en Aguadilla.Una llamada al Sistema de Emergencias 9-1-1 alertó sobre los heridos de bala.Al llegar las autoridades hallaron frente a la terminal de carros públicos el cuerpo baleado de José A. Rodríguez Goicochea, de 35 años y vecino de Hatillo, quien poseía expediente criminal por violaciones a la ley de sustancias controladas, escalamiento y apropiación ilegal.Y cerca de un cajero automático ubicado en la misma dirección se encontraba herido de bala Juan A. Lugo González, de 25 años y vecino de Lares, con expediente criminal por violación a la ley de sustancias controladas, quien fue transportado al hospital Buen Samaritano, donde falleció mientras era atendido.El caso quedó en manos del agente Juan C. Pérez Hernández, de Homicidios del Cuerpo de Investigaciones Criminales (CIC) de Aguadilla, y la fiscal Diana Méndez.","Asesinan de múltiples disparos a dos hombres en Aguadilla","/ley-y-orden/asesinan-de-m-ltiples-disparos-a-dos-hombres-en-aguadilla/article_d3acf268-6d2e-11eb-b0da-23a8f55cb729.html"
"Feb 12, 2021","Laura Isabel González, EL VOCERO","El Departamento de Justicia tiene bajo evaluación sobre 500 casos de fraude relacionados al programa de Asistencia de Desempleo Pandémico (PUA, por sus siglas en inglés) y espera agilizar la investigación conformando un frente común con el Departamento del Trabajo y Recursos Humanos (DTRH), el Departamento de Hacienda y el Negociado de la Policía, anunció ayer el designado secretario de la agencia, Domingo Emanuelli.De los casos, se informó que 368 fueron devueltos al DTRH “para la entrega de evidencia” y que se les suministre más información. Mientras que 61 casos se encuentran “bajo investigación activa”.En el renglón de adultos, Emanuelli comunicó que se han radicado 23 casos y “se encuentran otros 26 casos en investigación activa”. Tan solo en dos casos se ha recomendado el cierre.“En cuanto a menores, se encuentran bajo investigación activa 66 casos, 15 casos con recomendación de cierre y 54 casos que deben ser devueltos al Departamento del Trabajo para obtener mayor información”, detalló el secretario de Justicia en entrevista con EL VOCERO.Señaló que en el renglón de pesquisas a los municipios y agencias, se encuentran en “investigación activa” 31 casos.“Doy un número hoy y mañana es otro distinto, porque van llegando más (casos)”, aclaró el funcionario.Ayer la Oficina del Inspector General (OIG) informó que radicó los primeros ocho casos en una “etapa inicial” de investigación con relación a la obtención ilícita de los beneficios del PUA. Estos casos no tienen que ver con los que Justicia tiene bajo la lupa.“Las querellas presentadas son parte de una primera etapa. No obstante, la OIG y el Departamento del Trabajo continúan trabajando conjuntamente en el proceso investigativo”, se indica en la comunicación de la OIG.“Desde que se identificaron irregularidades en las reclamaciones relacionadas a la compensación del PUA, hemos investigado diversos casos de posible fraude. Hemos estado en estrecha colaboración con la OIG proveyendo asistencia técnica para que la misma pueda ejercer sus funciones fiscalizadoras”, expuso el secretario del Trabajo, Carlos Rivera, en el comunicado.Colaboración entre agenciasEmanuelli declaró a este medio que el pasado lunes se reunió con el titular del Trabajo para acordar la colaboración entre las distintas agencias en aras de facilitar la investigación y radicación de casos por supuesto fraude al PUA.“Yo y mi equipo de trabajo nos reunimos con el secretario del Departamento del Trabajo, así como con la subsecretaria y otras personas que le están asistiendo, para comenzar una colaboración que es bien importante para este tipo de casos”, sostuvo.“Acordamos también insertar al grupo de trabajo al Departamento Hacienda y la Policía. Es necesario para que los casos sean asignados con mayor facilidad (…) Hacienda va a ser una pieza clave para darle seguimiento a los casos en términos de pagos o pruebas de trabajo necesarias, para poder establecer el caso”, apuntó Emanuelli.Además del fraude al PUA, el Departamento del Trabajo dejó saber que han encontrado casos de empleados municipales que cobraron el desempleo de manera ilegal y que esto ha ocurrido en los 78 municipios de la Isla.Hace unas semanas, el DTRH envió a los municipios el cobro trimestral de la póliza del seguro por desempleo para que los alcaldes objeten los cargos de todo empleado que mantengan en nómina y aparezca cobrando desempleo.EL VOCERO solicitó información adicional a la Oficina del Inspector General y la portavoz de prensa de la agencia, Gladys Arce, indicó que no brindarían más detalles por ser una “investigación en proceso”.Tampoco fue posible hablar con el secretario del Trabajo, aunque en la agencia aseguraron que “no tenían más detalles” fuera de lo informado por la OIG.","Justicia promete agilizar casos del PUA","/ley-y-orden/justicia-promete-agilizar-casos-del-pua/article_2b7648e8-6cd3-11eb-a9d2-931ab6e71b07.html"
"Feb 12, 2021","Miguel Rivera Puig, EL VOCERO","Un hombre adicto a los narcóticos fue intervenido hace varios días por agentes de la División de Homicidios del Cuerpo de Investigaciones Criminales (CIC) de San Juan como persona de interés en la pesquisa por el asesinato de la líder comunitaria y artista Nilda Álvarez Lugo, ocurrido el 13 de noviembre pasado.El intervenido durmió una noche en las oficinas del CIC en el Cuartel General en Hato Rey, y la segunda noche la pasó en un hogar en el que se procuraba desintoxicarlo.El individuo, que es participante del programa de metadona, abandonó el hogar y fue intervenido nuevamente el miércoles y llevado de regreso al hogar. De lograrse que prospere la desintoxicación, se espera que un fiscal le tome una declaración jurada sobre el asesinato. Se anticipaba, además, que le serían tomadas muestras de ADN.En la primera semana de enero, la patóloga María Conte, directora del Instituto de Ciencias Forenses (ICF), les comunicó a la Fiscalía de San Juan y a los investigadores de la División de Homicidios del CIC que no se pudo levantar material genético de valor en la gorra y la camisa halladas en la escena del crimen para ser comparado con el deambulante, del cual las autoridades sostienen que tienen vídeos —que no han querido hacer públicos— y que según fuentes de la Policía, podría ser el usuario de drogas intervenido.Algunas versiones sostienen que el individuo hizo unas admisiones en torno al asesinato de Álvarez.El Departamento de Justicia aguarda por las diligencias policiales para proceder contra el supuesto sospechoso con otras pruebas circunstanciales.Semanas después del asesinato de Álvarez, la Policía insinuó que el caso estaba esclarecido y que era inminente el arresto de un sospechoso, descrito como una persona sin hogar que deambulaba por las calles de Río Piedras. Supuestamente el sospechoso robó el teléfono celular de la víctima e hizo varias llamadas, lo que ayudó a que pudiera ser identificado.","Cae supuesto sospechoso de asesinato de Nilda Álvarez","/ley-y-orden/cae-supuesto-sospechoso-de-asesinato-de-nilda-lvarez/article_a690d96c-6cd3-11eb-911f-f35d6552ebf1.html"
"11/02/2021","Redacción elvocero.com","Agentes del Distrito de Aguadilla y la División de Homicidios, investigan unos hechos de Heridos de bala reportados a las 9:36 de la noche, a través del Sistema de Emergencia 9-1-1, en el Terminal de Carros Públicos del Bo. Pueblo de Aguadilla.  Según información preliminar, al llegar la Policía se toparon con los cuerpos de dos hombres con impactos de bala, uno de ellos en el Terminal de Carro Públicos, quien fue llevado a un hospital de la región. La otra persona se localizó frente a la ATH del Banco Popular donde ubica la Sucursal Island Finance del citado lugar y falleció en el acto.  La escena está siendo trabajada por el citado personal y se desconoce el móvil de los hechos, así como mayores detalles del incidente.","Reportan un muerto y un herido de bala en Aguadilla","/ley-y-orden/reportan-un-muerto-y-un-herido-de-bala-en-aguadilla/article_1255481c-6cee-11eb-b8f7-334cf2b6b766.html"
"Feb 11, 2021","Miguel Rivera Puig, EL VOCERO","Un hombre adicto a narcóticos fue intervenido hace varios días por agentes de la División de Homicidios del CIC de San Juan, como persona de interés en el asesinato de la líder comunitaria y artista Nilda Álvarez Lugo, ocurrido en la noche del viernes 13 de noviembre del 2020.El intervenido durmió una noche en las oficinas del CIC en el Cuartel General en Hato Rey, y la segunda noche la pasó en un hogar en el que se procuraba desintoxicarlo.El individuo que es participante del programa de metadona, abandonó el hogar y fue intervenido nuevamente ayer y llevado de regreso al hogar. De lograrse que prospere la desintoxicación, se espera que un fiscal le tome una declaración jurada sobre el asesinato que el próximo sábado cumple tres meses de haber ocurrido.Se anticipaba, además, que le serían tomadas muestras de ADN. En la primera semana de enero, la patóloga María Conte, directora del Negociado de Ciencias Forenses les comunicó a la Fiscalía de San Juan y a su vez a los investigadores de la División de Homicidios del CIC, que no se pudo levantar material genético de valor en la gorra y la camisa halladas en la escena del crimen, para ser comparado con el deambulante del cual las autoridades sostienen tienen vídeos, que no han querido hacer público, y quien según fuentes de la Policía podría ser el usuario de drogas intervenido.Algunas versiones sostienen, que el individuo hizo unas admisiones en torno al asesinato.El Departamento de Justicia aguarda por las diligencias policiales para proceder contra el supuesto sospechoso con otras pruebas circunstanciales.Semanas después del asesinato de Nilda, la Policía insinuó que el caso estaba esclarecido y que era inminente el arresto de un sospechoso, descrito como una persona sin hogar que deambulaba por las calles de Río Piedras. Supuestamente el sospechoso robó el teléfono celular de la víctima e hizo varias llamadas, lo que ayudó a que pudiera ser identificado.En las imágenes captadas por los vídeos el presunto asesino, con aspecto de usuario de drogas, llevaba una gorra negra y una camisa similar a las ocupadas en el apartamento de Álvarez Lugo, en el edificio Balseiro Elderly Housing, en la esquina de las calles Balseiro y Añasco de Río Piedras.La fiscal Mibari Rivera Sanfiorenzo y el agente José L. Rivera y el sargento Arnaldo Ruiz, de la División de Homicidios del CIC de San Juan, tienen a su cargo la investigación.","Detienen a persona de interés en el asesinato de Nilda Álvarez","/ley-y-orden/detienen-a-persona-de-inter-s-en-el-asesinato-de-nilda-lvarez/article_159cef80-6c93-11eb-9c8d-03334f856235.html"
"Feb 11, 2021","Melissa Correa Velázquez, EL VOCERO","La Sociedad para la Asistencia Legal y otras entidades denunciaron violaciones constitucionales a los derechos de los sumariados, al no celebrárseles las vistas preliminares en el término que establece la ley -en o antes de 30 días- y a quienes alegan, mantienen en condiciones infrahumanas y en cuarentena indefinida.Los sumariados son imputados de delitos y que están en espera de juicio en las instituciones penales de la Isla y que se presumen son inocentes.Durante una rueda de prensa, la abogada Laura Coss Guzmán observó que el Tribunal Supremo de Puerto Rico determinó en septiembre de 2020, que para proteger la salud ante la pandemia del Covid-19, las vistas antes del juicio serán celebradas a través de videoconferencia.Sin embargo, la letrada mantuvo el Departamento de Corrección y Rehabilitación (DCR) está incumpliendo la normativa y no se están celebrando las audiencias.“Pasan semanas y meses y hay sumariados que ni siquiera han sido traídos para entrevistas con abogados, ni comparecen para sus vistas, excediendo el término de juicio rápido y en violación a los derechos constitucionales”, afirmó Coss Guzmán.Comentó que en ocasiones, los abogados entrevistan a sus clientes un día antes o hasta el mismo día de la vista.“Hay gestiones que tenemos que hacer para representar dignamente y adecuadamente como dicen los cánones de ética y a veces tenemos que hacer investigaciones, gestiones para traer prueba a su favor, testigos a su favor con prueba y evidencia que les sirva en esa vista preliminar y, ¿qué nos ocurre?, que cuando llegamos a la vista preliminar el día 28, qué tiempo tenemos para realizar la investigación”, apuntó Coss Guzmán.Comentó que en ocasiones, los representantes legales comparecen a las audiencias en los tribunales y se les informa que “súbitamente” sus representados fueron trasladados a otra cárcel que no cuenta con el equipo tecnológico para realizar las videoconferencias.De otra parte, denunció que en algunas cárceles no se les está permitiendo el aseo a los reclusos debido a la cuarentena.“Están siendo ubicados en condiciones infrahumanas. Esta cuarentena incluye personas mezcladas habiendo dado positivo con personas de nuevo ingreso, con personas que no se sabe si están infectadas… Hay falta de camas, están durmiendo en el piso, sin acceso a un baño decente… Son condiciones que no se pueden permitir aunque se les haya privado de su libertad”, expuso Coss Guzmán.Mientras, el abogado Diego Alcalá dijo a preguntas de la prensa que tradicionalmente, el 15% de la población penal está compuesta por sumariados.“A quién esto más afecta es a la gente empobrecida del País, que no tiene los recursos para prestar una fianza”, apuntó Coss Guzmán.Entretanto, la directora ejecutiva de Amnistía Internacional de Puerto Rico, Liza Gallardo, advirtió que si el DCR no toma acción ante esta denuncias, la organización tomará acciones a nivel internacional, las cuales no adelantó.Durante la conferencia de prensa, Coss Guzmán mencionó varios nombres de sumariados de quienes se desconoce en cuál institución penal están recluidos.Por su parte, la secretaria del DCR, Ana Escobar Pabón, afirmó que se han celebrado 1,119 vistas a través de videoconferencia, desde que asumió la dirección de la agencia en el Centro de Ingreso Bayamón 705, Bayamón 292, Ponce 676, Ponce 246, 224 y 304 y en Guerrero en Aguadilla y en el Centro de Rehabilitación de Mujeres. “Hemos recibido visitas de abogados; 99 visitas se han hecho de manera presencial y a través de videoconferencia y han participado en 97 entrevistas. Estamos en la mejor disposición de colaborar, de recibirlos, de que no necesitan una cita para ser atendidos en nuestra agencia. Tenemos puertas abiertas y si ellos tienen alguna duda o alguna información adicional con relación a sus clientes, podemos atenderlo e informarle de inmediato cuál es la situación de cada uno”, señaló la funcionaria.En cuanto a la situación de aseo, respondió que el asunto está bajo investigación. “Mantenemos constante monitoría de los servicios en las áreas médicas. De encontrar que ese tipo de denuncia es correcta y cierta, definitivamente entraremos en un proceso donde iniciaremos, aparte de una investigación administrativa, cualquier tipo de sanción que aplique a aquellos empleados que han permitido que esta situación ocurra, de ser cierta”, anticipó.","Denuncian violaciones a derechos de sumariados en cárceles","/ley-y-orden/denuncian-violaciones-a-derechos-de-sumariados-en-c-rceles/article_248f6bf8-6c89-11eb-8025-1f1bab9615bd.html"
"Feb 11, 2021","Redacción, EL VOCERO","El juicio contra el cerrajero Jensen Medina Cardona, acusado por el asesinato de la joven ejecutiva Arellys Mercado Ríos, se iniciará el 23 de marzo, según transcendió en una vista de status del caso.La jueza del Tribunal de Primera Instancia de Fajardo, Gema González Rodríguez, señaló las fechas del 23, 25 y 26 de marzo; 6,9,12 y 13, 27 y 30 de abril y 4,6 y 7 de mayo para la celebración del proceso judicial.
        
            
                         Download PDF
                    
        
        
    La defensa del acusado se reservó el derecho de apelar la decisión del tribunal de que no procedía un juicio por jurado.El pasado 2 de febrero, la magistrada González Rodríguez denegó la petición de Medina Cardona de que se le restituyera el derecho a juicio por jurado.Medina Cardona se encuentra en libertad bajo fianza. Este enfrenta cargos por asesinato en primer grado y violaciones a la Ley de Armas.El asesinato de Mercado Ríos ocurrió en la noche del domingo, 18 de agosto de 2019, aproximadamente a las 9:43 p.m. en el área del muelle Villa Marina Yatch Harbour, en Villa Marina Boulevard, en Fajardo.La joven de 34 años, quien se desempeñaba como gerente de ventas de una empresa dueña de varias funerarias, murió en el acto al recibir un balazo en el cuello en las instalaciones de Villa Marina.","Pautan fechas para la continuación del juicio contra Jensen Medina","/ley-y-orden/pautan-fechas-para-la-continuaci-n-del-juicio-contra-jensen-medina/article_bd6755f2-6c89-11eb-b00f-4b763f753a21.html"
"Feb 11, 2021","Redacción, EL VOCERO","El Área de Querellas e Investigaciones de la Oficina del Inspector General de Puerto Rico (OIG) radicó las primeras querellas contra empleados públicos que solicitaron y recibieron los beneficios del Programa de Asistencia de Desempleo por la Pandemia (PUA).Con esto, se da inicio a un procedimiento adjudicativo formal para determinar las penalidades que procedan. El proceso investigativo se dio en colaboración del Departamento del Trabajo y Recursos Humanos (DTRH).En este procedimiento los servidores públicos concernidos serán acreedores de las garantías del debido proceso de ley. Las querellas se sustentan en conducta ilegal al recibir los beneficios del PUA, sin tener derecho a ello.“Desde que se identificaron irregularidades en las reclamaciones relacionadas a la compensación del PUA, hemos investigado diversos casos de posible fraude. Hemos estado en estrecha colaboración con la OIG proveyéndole asistencia técnica para que la misma pueda ejercer sus funciones fiscalizadoras”, dijo el secretario del Trabajo, Carlos Rivera Santiago. La evaluación e investigación llevada a cabo estuvo a cargo del Área de Querellas en Investigaciones de la OIG, bajo las facultades conferidas en los artículos 2,7,8 y 17 de la Ley Núm. 15 de 2017, Ley del Inspector General de Puerto Rico.Las querellas presentadas son parte de una primera etapa, no obstante, la OIG y el DTRH continúan trabajando conjuntamente en el proceso investigativo.La OIG sostuvo que esta información parte del interés público que ha generado las reclamaciones del PUA. Para salvaguardar la pulcritud del proceso administrativo, la OIG indicó que no emitirá declaraciones adicionales.","Radican primeras querellas contra empleados públicos por fraude al PUA","/ley-y-orden/radican-primeras-querellas-contra-empleados-p-blicos-por-fraude-al-pua/article_b99091fc-6c73-11eb-8229-0f9cac6aca9b.html"
"11/02/2021","InterNewsService","Una transeúnte fue asaltada por un delincuente solitario a las 8:49 de anoche mientras caminaba por la calle Kings Court, en el Condado.La querellante denunció que cuando se disponía a cruzar la calle se le acercó un individuo que le arrebató la cartera que contenía documentos personales y 20 dólares en efectivo.El caso quedó en manos de agentes de la División de Robos del Cuerpo de Investigaciones Criminales (CIC) de San Juan.","Le roban por la fuerza la cartera a una mujer en el Condado","/ley-y-orden/le-roban-por-la-fuerza-la-cartera-a-una-mujer-en-el-condado/article_b95e4ec6-6c6f-11eb-b945-7b61a86a01dc.html"
"Feb 11, 2021","InterNewsService","En la Cárcel Regional de Bayamón fueron ingresados anoche Javier Castro Saavedra, de 54 años, y Milaydy Galván Lozano, de 66, tras ser acusados de fraudes reiterados en contra de personas de la tercera edad.Según informó el teniente César Ramos, director de la División de Propiedad y Fraude del Cuerpo de Investigaciones Criminales de Humacao, los hechos ocurrieron entre el año pasado y la actualidad en Naguabo, donde los imputados se les acercaban a las víctimas para ofrecerles billetes de lotería supuestamente premiados y que debido a que como extranjeros no podían cobrarlos.Los delincuentes le solicitaban 10 mil dólares a cambio del supuesto billete premiado, montaban a las víctimas en un vehículo y lo llevaban a alguna institución bancaria o a sus residencias para buscar el dinero.Una vez que lo obtenían, abandonaban a los perjudicados en una farmacia o un centro comercial.Fueron acusados de maltrato a personas de edad avanzada, falsificación de documentos y resistencia u obstrucción a la autoridad pública.La fiscal Mayte Flores presentó las pruebas ante la jueza Enid Rivera, quien determinó causa probable y les impuso una fianza global de 60 mil dólares, que no fue cubierta.","A la cárcel acusados de timar a ancianos con supuestos billetes premiados","/ley-y-orden/a-la-c-rcel-acusados-de-timar-a-ancianos-con-supuestos-billetes-premiados/article_53681786-6c6b-11eb-9d3b-bf79199d719e.html"
"Feb 11, 2021","Miguel Rivera Puig, EL VOCERO","CAGUAS – Un agente adscrito a la banda de la Policía, le disparó esta mañana a un individuo que supuestamente intentó agredirlo con un cuchillo en medio de una disputa por un estacionamiento.El individuo resultó ileso y se fue a la huida.Las discrepancias comenzaron hace unos días, cuando aparentemente el agente le hizo un señalamiento por el mal uso de un estacionamiento en la calle El Troche, a pasos del condominio Torre de Tokio, donde ocurrieron los hechos a eso de la 7:30 de la mañana de hoy.","Agente repele agresión disparando","/ley-y-orden/agente-repele-agresi-n-disparando/article_f73d6eac-6c65-11eb-94eb-e369ce60d8c8.html"
"11/02/2021","InterNewsService","Dos hombres fueron arrestados a las 2:10 de la madrugada de hoy, al ser sorprendidos provocándole daños a una guagua que se encontraba estacionada en la avenida Pedro Mora Acosta, en Arecibo.Los agentes Carlos De Jesús González y Orville Batista De Jesús, del precinto 107 de Arecibo, sorprendieron a los individuos mientras realizaban un patrullaje preventivo y procedieron a la detención de Roberto C. Torres Torres, de 25 años, y Alvin Y. Torres Santiago, de 42, a quienes se les confiscó un rifle neumático.El vehículo, una Hyundai Kona del año 2018, sufrió daños en la carrocería y los cristales.","Arrestan a sujetos sorprendidos provocándole daños a una guagua","/ley-y-orden/arrestan-a-sujetos-sorprendidos-provoc-ndole-da-os-a-una-guagua/article_54f0da64-6c63-11eb-b382-335db5e8c660.html"
"11/02/2021","InterNewsService","Un joven de 26 años resultó herido de bala mientras manipulaba un arma en horas de la tarde de ayer, en Yabucoa.El perjudicado resultó con una herida de bala en la mano izquierda y fue atendido en el Centro de Diagnóstico y Tratamiento (CDT) de Yabucoa.La Policía informó que cuando se dirigía al centro asistencial, el joven provocó un accidente de tránsito de carácter leve en la carretera PR-182, en el barrio Calabazas, en Yabucoa.Asumió el caso el agente Elisamuel Díaz, del distrito de Yabucoa.","Joven se hiere accidentalmente al manipular su arma","/ley-y-orden/joven-se-hiere-accidentalmente-al-manipular-su-arma/article_3ef10e7c-6c5f-11eb-afdc-177d8803cc08.html"
"10/02/2021","Melissa Correa Velázquez, EL VOCERO","El Servicio de Inmigración y Aduanas (ICE, por sus siglas en inglés), arrestó a un sujeto por presuntamente distribuir material pornográfico de menores.De acuerdo a un comunicado de prensa, Francisco A. De la Cruz Coplín, de 30 años fue detenido, luego de que el Centro Nacional para Niños Desaparecidos y Explotados Sexualmente (Ncmec, por sus siglas en inglés), lo identificó como solicitante de material pornográfico de menores. La denuncia, emitida por la fiscal federal Ginette Milanés, indica que el acusado buscaba a un menor de edad para participar en actividades sexuales.De la Cruz Coplín compareció a la vista inicial ante el magistrado Marshal Morgan, quien ordenó su ingreso en el Centro de Detención Metropolitano de Guaynabo (MDC, por sus siglas en inglés).“La explotación sexual de menores, en todas sus formas, es un delito despreciable y grave. El ICE investigará ferozmente estos crímenes para identificar al presunto perpetrador, arrestarlo y obtener evidencia sólida que prevalecerá en la corte ”, dijo el director del ICE en la Isla Iván J. Arvelo.","ICE arresta sujeto por pornografía infantil","/ley-y-orden/ice-arresta-sujeto-por-pornograf-a-infantil/article_f7b69f2c-6bf0-11eb-ac72-7f132f27ed80.html"
"10/02/2021","Melissa Correa Velázquez, EL VOCERO","El Task Force de Ofensores Violentos del Servicio de Alguaciles Federales, arrestó a un sujeto en el estado de Ohio, que era buscado en Puerto Rico por un asesinato ocurrido el 14 de agosto del pasado año en Hatillo.Luis Pérez Galán, fue arrestado en la ciudad de Cleveland.Contra Pérez Galán pesaba una orden de arresto por asesinato en primer grado y violaciones a la Ley de Armas. Se le había impuesto una fianza de $800,000.El arrestado será extraditado a la Isla en las próximas semanas para enfrentar los cargos correspondientes.En el arresto colaboró la Unidad de Inteligencia y Arrestos Especiales de la Policía de Puerto Rico, región de Arecibo.Mientras, el jefe de los Alguaciles Federales, Wilmer Ocasio indicó que el arresto de asesinos y ofensores violentos sigue siendo prioridad para su agencia en Puerto Rico.“Continuaremos colaborando con el Departamento de Seguridad Pública, sus negociados, agencias federales y autoridades municipales para hacer nuestras comunidades más seguras”, afirmó.","Arrestan en Ohio sujeto que era buscado por un asesinato en Hatillo","/ley-y-orden/arrestan-en-ohio-sujeto-que-era-buscado-por-un-asesinato-en-hatillo/article_2b565ece-6bee-11eb-bd19-9f876b7bc585.html"
"10/02/2021","Redacción elvocero.com","El comisionado del Negociado de la Policía, Antonio López Figueroa, informó que personal de la Unidad Marítima de Vega Baja incautó un millonario cargamento de cocaína y marihuana en la playa Los Tubos, en Manatí, a las 4:30 de la mañana de hoy.“Los uniformados se encontraban realizando un patrullaje marítimo terrestre cuando se percataron del cargamento valorado en 4.4 millones de dólares”, relató López Figueroa.De acuerdo con los oficiales del Negociado de las Fuerzas Unidas de Rápida Acción (FURA) se ocuparon 139 bloques de cocaína con un peso total de 164 kilos de cocaína y 43 bloques de marihuana con un peso total de 25 kilos.“El valor de la cocaína fue estimado en $4,264,000 y el de la marihuana en $150,000”, detalló el jefe policial.""Nuevamente, los compañeros del Negociado de FURA demuestran el firme compromiso de nuestros policías para erradicar el narcotráfico. Reconozco y agradezco el excelente trabajo que realizan para sacar de circulación los elementos ilegales que abonan a la violencia en nuestro pueblo. Los planes integrados para atender la incidencia criminal y el tráfico ilegal de sustancias controladas continúan vigentes. Recordamos a la ciudadanía que puede informar confidencialmente cualquier situación que entienda sea parte de la comisión de un delito llamando al 787-343-2020"", añadió el comisionado.En la incautación se arrestó a una persona de estatus migratorio no definido y la Oficina de Seguridad Interna del Servicio de Inmigración y Aduanas (ICE-HSI) asumió jurisdicción del caso.","Policía incauta millonario cargamento de droga en Manatí","/ley-y-orden/polic-a-incauta-millonario-cargamento-de-droga-en-manat/article_46214484-6bcc-11eb-821a-27c9b5d55734.html"
"10/02/2021","InterNewsService","Con el fin de asegurar la implementación de la Ley 59, la Oficina de la Procuradora de las Mujeres (OPM) continúa los adiestramientos a los agentes del orden público municipal y el personal que labora en los cuarteles de los ayuntamientos.La Ley 59 (“Ley para la Educación, Prevención y Manejo de la Violencia Doméstica para los Municipios de Puerto Rico”), en el artículo 3 ordena a la OPM a elaborar e impartir un programa de educación y adiestramiento, dirigido a suplir herramientas a los policías municipales y al personal que labora en los cuarteles municipales sobre la prevención y manejo de la violencia doméstica.“En nuestro rol de oficina fiscalizadora, velaremos por el estricto cumplimiento con lo estipulado en la ley. Del mismo modo y con el único propósito de asegurar que el personal municipal maneje de forma más efectiva todo caso de violencia de género, estamos facultados para imponer multas a aquellos municipios que incumplan con su responsabilidad”, explicó la procuradora de las Mujeres, Lersy Boria Vizcarrondo.El programa de Educación y Adiestramiento para la Prevención y Manejo de la Violencia Doméstica adscrito a la OPM es un esfuerzo en conjunto con el Negociado de la Policía para lograr un mejor manejo de las instancias de violencia doméstica, agresión sexual, violencia en cita y acecho en Puerto Rico.Boria Vizcarrondo detalló que “el objetivo principal de estos adiestramientos es lograr que todo el personal a cargo de la intervención de posibles situaciones de violencia doméstica, estén debidamente capacitados y educados para identificar de forma sensible y eficiente los casos de violencia doméstica, que por la naturaleza de sus funciones deberá atender cada día”.Los talleres le proporcionarán al personal municipal las herramientas necesarias para, entre otras cosas, entender la complejidad de la violencia doméstica, evitar que la víctima sea doblemente castigada por el sistema; fortalecer en ocasiones la debilitada autoestima de las víctimas; apoyar a la víctima de violencia doméstica para que pueda conservar la custodia de sus hijos, ser agentes de prevención, salvando las vidas de nuestras víctimas, y por ende, la estabilidad emocional de cientos de familias.El programa, ofrecido de forma virtual, consiste en ocho horas de adiestramientos anualmente a policías municipales y personal de apoyo en los cuarteles.De estas, cuatro horas serán ofrecidas por la OPM en las que se discutirán los temas de aspectos biopsicosociales de la violencia doméstica, protocolos de violencia doméstica y “Burn out”.Las restantes cuatro horas serán ofrecidas por la Academia de la Policía con los temas de entrevista a víctimas y testigos, estrategias de investigación y manejo de escenas del delito.Los municipios que recibirán el adiestramiento en el mes de febrero de 2021 son Adjuntas, Añasco, Bayamón, Cabo Rojo, Ceiba, Dorado, Florida, Guánica, Guayanilla, Gurabo, Hatillo, Jayuya, Juana Díaz, Juncos, Las Marías, Las Piedras, Peñuelas, Quebradillas, Rincón, Toa Baja, Utuado, entre otros.Se informó además que los municipios de Aguadilla, Aguas Buenas, Aibonito, Arroyo, Barceloneta, Barranquitas, Caguas, Camuy, Canóvanas, Carolina, Cataño, Cayey, Ciales, Cidra, Comerío, Fajardo, Guaynabo, Isabela, Lajas, Mayagüez, Moca, Morovis, Ponce, Salinas, San Germán, Santa Isabel, Toa Baja, Trujillo Alto, Vega Baja y Quebradillas ya recibieron el adiestramiento.","Adiestran a policías municipales sobre la violencia de género","/ley-y-orden/adiestran-a-polic-as-municipales-sobre-la-violencia-de-g-nero/article_76665d4a-6bc8-11eb-8eb5-0f7e511b54bf.html"
"Feb 10, 2021","Miguel Rivera Puig, EL VOCERO","TOA BAJA – La Policía busca a un individuo que a eso de las 8:25 de la mañana de hoy atropelló a sus padres en la calle José Mercado, en la urbanización Levittown.Los padres resultaron con lesiones leves. Al lugar acudieron los paramédicos para brindarles los primeros auxilios.El individuo huyó en un Toyota Camry color verde modelo de 2004, del cual no se ofreció número de tablilla.","Atropella a sus padres y se va a la huida","/ley-y-orden/atropella-a-sus-padres-y-se-va-a-la-huida/article_0bd3fc6a-6ba2-11eb-a7c4-4777c666d1dd.html"
"Feb 10, 2021","Redacción elvocero.com","Un accidente de carácter fatal se reportó a eso de las 6:24 a.m. de hoy, en la intersección de las carreteras PR-901 y la PR-3, cerca de una farmacia en Yabucoa.Según la Policía, un peatón fue arrollado en el lugar y falleció poco después mientras recibía atención médica.El vehículo involucrado permaneció en el lugar.Agentes adscritos a la División de Patrullas de Carreteras de Humacao se hicieron cargo de la investigación.","Accidente fatal en Yabucoa","/ley-y-orden/accidente-fatal-en-yabucoa/article_e1ab21dc-6b99-11eb-9dc2-63b6ba5b2a25.html"
"Feb 10, 2021","Redacción elvocero.com","Un peatón falleció arrollado a eso de las 6:20 a.m. de hoy, en el kilómetro 5.2 del expreso Román Baldorioty de Castro, a la altura del residencial Luis Llorens Torres, en San Juan.Según fuentes de EL VOCERO, el conductor involucrado en el accidente fatal se detuvo en la escena.Al momento, la víctima no ha sido identificada.Agentes de la División de Tránsito de San Juan investigan.","Hombre muere arrollado en la Baldorioty de Castro","/ley-y-orden/hombre-muere-arrollado-en-la-baldorioty-de-castro/article_14011338-6b8d-11eb-af4d-c32d47ba281d.html"
"10/02/2021","Redacción elvocero.com","Un hombre resultó herido de bala a eso de las 8:45 p.m. de ayer, en hechos que ocurrieron en un liquor store que ubica en la calle 14 de la urbanización Sierra Linda, en Bayamón.Según la Policía, el perjudicado alegó que se encontraba en el lugar cuando alguien, a quien no pudo identificar, le realizó una detonación.Este fue trasladado a una institución médica de la zona, donde se le diagnosticó una herida de bala en el área del pecho.Al momento, se desconoce su condición.El agente Luis Vázquez, adscrito al Precinto de Bayamón Oeste, investigó preliminarmente y refirió el caso a la División de Agresiones del Cuerpo de Investigaciones Criminales (CIC) de Bayamón para el seguimiento de la pesquisa.","Herido de bala en Bayamón","/ley-y-orden/herido-de-bala-en-bayam-n/article_d6b8d66a-6b8b-11eb-bfa8-630aff12a16a.html"
"10/02/2021","Miguel Rivera Puig, EL VOCERO","La gigantesca fuerza de la Policía -que a mediados de la década de los 90 alcanzó cerca de 23 mil efectivos- perdió la mayoría de ellos entre el 2010 y el 2020 tras registrarse 7,645 bajas, en su mayoría por renuncias y jubilaciones bajo la Ley 70 del 2010 que promovió el retiro incentivado.En el 2013, cuando la situación de las pensiones se agravó y los agentes y civiles ya no podían contar con un retiro que le garantizaría entre el 65% y el 75% de su salario -según la edad y tiempo de servicio- la Uniformada perdió 1,800 empleados entre agentes, oficiales y civiles.En 2012 otros 1,248 empleados renunciaron o se acogieron a los beneficios de la jubilación. La cifra de renuncias y retiro alcanzó 996.El informe de presupuesto para el 2020 establece que la Uniformada tiene una nómina de 12,707 entre agentes, oficiales y civiles. Cuenta, además, con el reclutamiento ordenado por el juez Gustavo Gelpí. Como parte de la reforma policial, se estima que en 2021 la matrícula deba alcanzar los 13,388 empleados.Razones de retiroSegún las estadísticas de la Policía, el grueso de las bajas de 2,144 fueron para acogerse a beneficios del Sistema de Retiro y otros 1,951 a la pensión regular.Bajo la ley que promovió el retiro incentivado, 1,927 empleados uniformados y civiles abandonaron la agencia.Otros 406 se fueron de la agencia en el programa de transición voluntaria. De la matrícula, la Policía impuso el retiro obligatorio a 243 agentes que excedían los máximos de edad para trabajar en la agencia.Por incapacidad ocupacional, 19 agentes fueron dados de baja y otros 36 por incapacidad no ocupacional.Entre el 2010 y el 2020, la Policía expulsó 426 de sus miembros por motivos disciplinarios.En ese periodo fallecieron 252.El 2020 fue el año con menor número de renuncias, alcanzando la cifra de 244. En 2019, la estadística informa 575 bajas y en 2018 sumaron 996.Mientras que en 2017 se fueron de la agencia 450 empleados y en 2016 sumaron 341. De igual forma, en 2014 las bajas fueron 310 y en 2015 la cifra llegó a 366.","Dramática baja de agentes","/ley-y-orden/dram-tica-baja-de-agentes/article_6f40b44a-6b8a-11eb-a186-83bf257f00c9.html"
"09/02/2021","InterNewsService","El agente Reinaldo Méndez Rodríguez, de la Oficina de Registro de Ofensores Sexuales del Área de Arecibo, en unión a la fiscal Evelyn Trinidad, de la Fiscalía de Arecibo, acusó en ausencia por la Ley 266 (obligaciones de la persona sujeta al registro) contra Johnattan López Hernández, de 27 años residente de Arecibo.El caso fue presentado ante la jueza Michelle Camacho, del Tribunal de Primera Instancia en Arecibo, quien luego de escuchar la prueba determinó causa en ausencia por el delito mencionado expidiendo una orden de arresto en su contra con una fianza global de 50,000 dólares.López Hernández no ha actualizado su expediente de Ofensor Sexual desde el 1 de abril del 2019 hasta este año, contraviniendo la ley.Se exhorta a la ciudadanía comunicarse con la Policía de manera confidencial si conoce del paradero de este individuo o de la comisión de cualquier delito, a través del 787-343-2020.También puede mantenerse en contacto con nosotros a través de Twitter en @PRPDNoticias y en Facebook www.facebook/prpdgov.","Emiten orden de arresto contra ofensor sexual de Arecibo","/ley-y-orden/emiten-orden-de-arresto-contra-ofensor-sexual-de-arecibo/article_ad61e5e2-6b3e-11eb-98a1-7b05e2d46b28.html"
"Feb 9, 2021","Redacción elvocero.com","CAMUY— Un hombre y una mujer fueron arrestados en la tarde de hoy violación a la Ley de armas y por ocupar grandes cantidades de sustancias controladas.Según el informe de la Policía, Ricardo Rosado López y Luz Germina Acevedo, ambos residentes de Camuy, fueron arrestados por tener una pistola Glock de calibre .45, dos cargadores y siete municiones para el arma. Además, se les ocupó otra arma marca Taurus, modelo G2C de calibre 9mm con un cargador con 36 municiones.En tanto, a los arrestados se les confiscó dos libras y media de marihuana, cuatro bolsas de cocaína en polvo, 20 bolsas plásticas conteniendo picadura de marihuana, 12 bolsas plásticas conteniendo cocaína en modalidad de crack y tres envanses plásticos con picadura de marihuana. También se encontraron 435 dólares en efectivo.Anterior a esto Rosado López fue acusado por delitos graves de asesinato, ley de arma y sustancias controladas.El agente Wilfredo González Álvarez, consultará el caso con la Agencia Federal ATF para la posible radicación de cargos correspondientes a nivel Federal.","Arrestan a dos por posesión de armas y sustancias controladas","/ley-y-orden/arrestan-a-dos-por-posesi-n-de-armas-y-sustancias-controladas/article_78c5d586-6b21-11eb-b7fb-fb04c971e827.html"
"Feb 9, 2021","Melissa Correa Velázquez, EL VOCERO","El jefe de la fiscalía federal en Puerto Rico, Stephen Muldrow, presentó su renuncia esta tarde, efectiva el 28 de febrero, luego de que el fiscal general interino de Estados Unidos Monty Wilkinson solicitara la dimisión de los directores de esas oficinas, para iniciar el proceso de transición.“Estoy sumamente orgulloso del gran trabajo y la dedicación de los hombres y las mujeres de la Fiscalía Federal para el Distrito de Puerto Rico con quienes he tenido el privilegio de servir”, expresó Muldrow. “Servir a la gente de Puerto Rico como Fiscal Federal ha sido el más alto honor y el deber más grato en mis más de 30 años de servicio público”.A principios de este año, casi todos los designados bajo la administración de Donald Trump ofrecieron sus renuncias, aunque se les pidió a los fiscales y alguaciles estadounidenses que permanecieran temporalmente en el lugar. Antes del comienzo de este proceso de transición, un tercio de las oficinas ya estaban dirigidas por líderes interinos.El presidente Biden hará anuncios sobre sus nominaciones al Senado de nuevos fiscales estadounidenses. “Estamos comprometidos a garantizar una transición sin problemas. Hasta que se confirmen los candidatos a Fiscal Federal, los líderes interinos y en funciones de las Fiscalías Federales se asegurarán de que el departamento continúe cumpliendo su misión crítica de aplicar la ley, defender enérgicamente el estado de derecho y buscar la administración de justicia para todos”, señaló Wilkinson en declaraciones escritas.","Fiscal federal Stephen Muldrow presenta su renuncia","/ley-y-orden/fiscal-federal-stephen-muldrow-presenta-su-renuncia/article_c6322d9e-6b15-11eb-8097-03893392530c.html"
"09/02/2021","Redacción elvocero.com","El secretario de Justicia, Domingo Emanuelli Hernández anunció el reclutamiento de 27 abogados transitorios en el Departamento de Justicia.La Secretaría Auxiliar de lo Civil y la Oficina del Procurador General serán las divisiones del departamento donde se comenzará la contratación de estos abogados transitorios.El titular de Justicia indicó que “la convocatoria para estas plazas abrió en el día de ayer lunes, y ya se comenzaron a recibir resumés de los posibles nuevos integrantes del que volverá a ser el bufete más grande de Puerto Rico, el Departamento de Justicia”.Los interesados deberán enviar su resumé para evaluación a la siguiente dirección de correo electrónico: resume@justicia.pr.gov. La convocatoria para las plazas de abogados transitorios estará abierta hasta el viernes, 19 de febrero de 2021.Para más información, acceda a www.justicia.pr.gov en la sección de la Secretaría Auxiliar de Recursos Humanos.","Justicia anuncia la apertura de 27 plazas transitorias","/ley-y-orden/justicia-anuncia-la-apertura-de-27-plazas-transitorias/article_aafba692-6b04-11eb-a445-3bfc9d659446.html"
"Feb 9, 2021","Redacción elvocero.com","La División de Arrestos Especiales y Allanamientos del Negociado de la Policía de Puerto Rico de Caguas dio a conocer hoy a los 10 más buscados en esa área policiaca.Exhortaron a la ciudadanía comunicarse a la División de Arrestos Especiales de Caguas de manera confidencial si conoce información que ayude con el esclarecimiento de estos casos a través del 787-744-7252 extensiones 4408/4432/4435 o el 787-343-2020.
        
            
                         Download PDF
                    
        
        
    También puede mantenerse en contacto con la Policía a través de Twitter en @PRPDNoticias y en Facebook www.facebook/prpdgov.","Estos son los 10 más buscados del área de Caguas","/ley-y-orden/estos-son-los-10-m-s-buscados-del-rea-de-caguas/article_3f420b94-6af0-11eb-9522-33da8a858624.html"
"Feb 9, 2021","Melissa Correa Velázquez, EL VOCERO","Dos de los siete acusados junto al exalcalde de Yauco, Abel Nazario, por presuntamente desviar fondos para su campaña política, informaron al juez federal Francisco Besosa que negocian con la Fiscalía Federal para llegar a un acuerdo, a fin de hacer alegación de culpabilidad.Melanie Carrillo, abogada de Kelvin Ortiz Vergara, indicó que las partes han sostenido negociaciones, pero que aún quedan detalles por resolver.“Este caso debe resolverse mediante un alegato (de culpabilidad) en los próximos 30 días”, señala la moción.Mientras, la abogada de Eric Rondón Rodríguez, Marie Cortés, señaló que su cliente “no tiene la intención de ir a juicio” y que lo más probable es que cambie su alegato.Los acusados, Edwin Torres Gutiérrez, Claribel Rodríguez y Ramón Martes Negrón solicitaron tiempo adicional para tomar una decisión. Al momento, los acusados Humberto Pagán y Juan Rosario Núñez no se han expresado sobre el asunto.Nazario tiene hasta el 5 de abril para notificar al juez si se declarará culpable o enfrentará el juicio en su contra.La defensa del también exsenador había solicitado informar su determinación, luego de la vista de sentencia por el primer caso pautada para el 19 de marzo ante el juez Joseph Laplante.Por el primer caso, Nazario fue encontrado culpable por un jurado el 21 de marzo de 2020 por fraude electrónico en relación con pagos retroactivos a empleados del ayuntamiento.Por este segundo caso, se alega que los acusados malversaron sobre $5 mil, que fueron desviados para pagar la campaña política del ex ejecutivo municipal.Según el pliego acusatorio, el grupo enfrenta un solo cargo: robo o soborno en relación con un programa que recibe fondos federales.El esquema fue descubierto durante una auditoría de rutina de la Oficina del Contralor de Puerto Rico en agosto de 2016 en los registros del ayuntamiento.","Dos coacusados en caso de Abel Nazario negocian acuerdo con Fiscalía Federal","/ley-y-orden/dos-coacusados-en-caso-de-abel-nazario-negocian-acuerdo-con-fiscal-a-federal/article_c3f5cfe0-6ae8-11eb-9adb-dbaa324c48a7.html"
"09/02/2021","InterNewsService","Una billetera que contenía cinco mil dólares en efectivo fue hurtada desde un vehículo estacionado en los almacenes de comedores escolares del departamento de Educación ubicados en el barrio Bajadero, en Arecibo.El querellante informó en la tarde de ayer que alguien logró acceso al interior de su vehículo Mazda B2300 de 1997, y se apropió de la billetera con documentos personales y el dinero.El agente Daniel Soto Deida, del precinto 207 de Sabana Hoyos, investigó preliminarmente y luego refirió el caso a personal de la División de Delitos contra la Propiedad de Arecibo.","Se roban $5,000 de interior de vehículo en Arecibo","/ley-y-orden/se-roban-5-000-de-interior-de-veh-culo-en-arecibo/article_fe62d4d2-6adb-11eb-9d93-4725c3e2a851.html"
"09/02/2021","InterNewsService","En riesgo vital se encuentra un anciano de 73 años luego de sufrir quemaduras en medio de un incendio producido a eso de las 5:00 de la mañana de hoy, en una residencia abandonada ubicada en el barrio Bajadero, en Arecibo.Miguel A. Centeno Figueroa se encontraba acostado en un mattress cuando se originó el incendio debido a una vela encendida.Centeno Figueroa resultó con quemaduras en un 75% de su cuerpo y fue llevado al Hospital Pavía de Arecibo y luego referido en condición grave al Centro Médico de Río Piedras.Al lugar se presentó la agente Wanda Sánchez Román, del precinto 207 de Sabana Hoyos, junto a personal del Cuerpo de Bomberos de Arecibo, que extinguió el fuego.","Anciano resulta con quemaduras en incendio en Arecibo","/ley-y-orden/anciano-resulta-con-quemaduras-en-incendio-en-arecibo/article_75a9836e-6ad8-11eb-bfae-53f415eaf5d1.html"
"09/02/2021","Redacción elvocero.com","El agente Edwin Calderón Torres, de la División de Homicidios de Arecibo, informó que el joven David González León, de 25 años y residente en Hatillo, fue localizado anoche en el barrio Cortés, en Manatí.Según el informe, una ciudadana informó a la Policía que vio al joven saliendo de un área boscosa en la mencionada comunidad.Se indicó que González León se encontraba un poco desorientado y fue transportado a un hospital del área en condición estable.Personal de la Policía Municipal de Manatí y Barceloneta, Manejo de Emergencias y la Unidad Canina del Negociado de la Policía de Puerto Rico estuvo en la búsqueda el joven durante varios días.","Localizan a joven reportado desaparecido","/ley-y-orden/localizan-a-joven-reportado-desaparecido/article_7164d652-6ad6-11eb-bab1-af74426d434f.html"
"09/02/2021","InterNewsService","Un total de 1,152.17 dólares fueron sustraídos de una tarjeta de débito hurtada a un hombre fallecido en el Hospital San Francisco, según denunció a eso de las 6:00 de la tarde de ayer una de sus sobrinas.La querellante relató que alguien se apropió de una cartera tipo wallet perteneciente a su tío, quien falleció estando recluido en el hospital, ubicado en la calle De Diego, en Río Piedras.Agentes adscritos al precinto Río Piedras realizaron las pesquisas preliminares y luego refirieron los antecedentes a personal de la División de Delitos Contra la Propiedad del Cuerpo de Investigaciones Criminales de San Juan.","Se apropian de más de $1,000 de tarjeta de débito de hombre fallecido","/ley-y-orden/se-apropian-de-m-s-de-1-000-de-tarjeta-de-d-bito-de-hombre/article_9408fe70-6ad3-11eb-b2c8-bb4a4b4877c2.html"
"09/02/2021","Miguel Rivera Puig, EL VOCERO","BAYAMÓN – Varios enmascarados irrumpieron en la tarde de ayer, en una residencia en la urbanización Santa Juanita, donde agredieron al propietario para robarle dos pistolas Glock calibre 9mm, cuatro cargadores y 64 balas.El perjudicado, quien tiene licencia para portar las armas, les dijo a los agentes que estaba durmiendo cuando fue despertado por los asaltantes, todos encapuchados. Le dieron un fuerte golpe en la oreja derecha y en el rostro.Agentes de la División de Robos del Cuerpo de Investigaciones Criminales (CIC) de Bayamón tienen a su cargo la investigación.","Le llevan dos pistolas en robo domiciliario","/ley-y-orden/le-llevan-dos-pistolas-en-robo-domiciliario/article_cad82212-6ac6-11eb-930b-bb247066448a.html"
"Feb 9, 2021","Miguel Rivera Puig, EL VOCERO","Alrededor de 7,525 agentes y oficiales del Negociado de la Policía fueron vacunados contra el Covid-19 hasta la semana pasada y restan poco más de dos mil por vacunarse.Un número no determinado de agentes rechazó ser vacunado, ya que no es obligatorio.El comisionado Antonio López Figueroa realizó gestiones ayer con el doctor Carlos Mellado, secretario de Salud, al que procuró que para la semana entrante se logre vacunar a los poco más de dos mil agentes que faltan.La doctora María del Carmen Calderón, médico de la Policía, tiene a su cargo los protocolos para la vacunación.Siete miembros de la Uniformada han muerto por causa del coronavirus.","Vacunados más de 7,000 agentes de la Policía","/ley-y-orden/vacunados-m-s-de-7-000-agentes-de-la-polic-a/article_190c7164-6ac6-11eb-9aec-374068b3d16f.html"
"09/02/2021","Redacción elvocero.com","Un hombre resultó herido de bala a eso de las 8:29 p.m. de ayer, en el kilómetro 18.2 de la carretera PR-159, en Corozal.Según la Policía, el perjudicado, de 40 años, alegó que conducía por el lugar cuando otro vehículo lo rebasó y desde este, le realizaron varios disparos que lo alcanzaron en diferentes partes del cuerpo.El herido fue trasladado en condición estable a una institución hospitalaria de la región.Al momento, se desconoce el móvil de los hechos.Agentes adscritos a la División de Agresiones del Cuerpo de Investigaciones Criminales (CIC) de Vega Baja se hicieron cargo de la pesquisa.","Balean a hombre en Corozal","/ley-y-orden/balean-a-hombre-en-corozal/article_f848bfb6-6ac3-11eb-9a3e-eb89fa8f192c.html"
"una hora","Miguel Rivera Puig, EL VOCERO","Seis muertes violentas se registraron ayer y otras tres el viernes, entre ellas la de una niña de nueve meses de nacida golpeada brutalmente por su madre, sumando 86 los asesinatos desde que comenzó el año, un aumento de tres comparado con 2020.El último de los hechos del cruento fin de semana se escenificó a las 10:41 de la noche de ayer, frente al edificio 11 en el residencial Roosevelt, en Mayagüez.Sicarios ultimaron a balazos a Jan Carlos Rodríguez Rodríguez, de 26 años, con domicilio en la urbanización Riveras. La víctima tenía antecedentes penales por tentativa de asesinato, armas, drogas y resistencia al arresto.A las 9:44 de la noche de ayer, fue asesinado Jorge Luis Guerra Burgos, de 42 años, por pistoleros que lo acechaban en la PR-837 en el barrio Santa Rosa I, en Guaynabo. La víctima, con antecedentes de tentativa de asesinatos, armas, drogas y apropiación ilegal, salió de su casa en un Honda Accord modelo de 1997, y de inmediato fue mortalmente tiroteado.A la 1:49 de la tarde de ayer, ocurrió un doble asesinato en la PR-155 en la urbanización Alturas de Vega Baja. Los jóvenes Jean Carlos del Valle Arroyo, de 26 años, con antecedentes por armas, drogas y Ley Vehicular, y Justo Joered Pagán Pagán, de 22 años, con antecedentes por drogas, ambos vecinos de Alturas de Vega Baja, fueron mortalmente baleados cuando viajaban en un Honda Accord modelo de 2019.A las 8:26 de la mañana de ayer, fue hallado el cadáver baleado de José Montalvo Mártir en el interior de un Chrysler 300 estacionado cerca de una escuela en la PR-129, en el barrio Hato Arriba, en Arecibo. La víctima tenía antecedentes por armas, amenaza y violencia doméstica.A las 5:15 de la madrugada de ayer, y en medio de una balacera en el residencial Barbosa, en Bayamón, un joven de 18 años resultó muerto y otro de 28 años herido.Al llegar la Policía al lugar respondiendo al sistema de detección de disparos, las víctimas habían sido llevadas por vecinos a distintos hospitales.Jonathan Yamil Cruz Ramírez fue declarado muerto en un hospital privado. Según la Policía, ya había sido fichado como adulto por un caso de drogas.El herido fue atendido en un hospital en Bayamón.En los informes policiales, fue agregado como asesinato la muerte de la infanta Alondra Marie Irizarry Colón, ocurrido en la mañana del viernes en el residencial Rincón Taíno en Santa Isabel.Daisy Colón Torres, de 27 años, madre de la menor, fue acusada ayer de asesinato en primer grado y sumariada en una cárcel cuando no prestó la fianza de $800 mil que le fue señalada por una jueza en Ponce.","Se registran nueve asesinatos en el fin de semana","/ley-y-orden/se-registran-nueve-asesinatos-en-el-fin-de-semana/article_de3bf266-6eb8-11eb-a012-6b1df6ad74c7.html"
"14/02/2021","Associated Press","DUBÁI, Emiratos Árabes Unidos — Emiratos Árabes Unidos publicó hoy la primera imagen tomada por su sonda marciana, que está orbitando en torno al planeta rojo.La fotografía, tomada, el miércoles, muestra la luz del sol iluminando la superficie del planeta. Muestra el polo norte Marte, así como su volcán más grande, el Monte Olimpo.La imagen fue tomada por la sonda espacial Amal, o “Esperanza”.La nave entró el martes en la órbita marciana, un triunfo para la primera misión interplanetaria árabe.","Emiratos Árabes publica la primera foto de su misión a Marte","/el-mundo/emiratos-rabes-publica-la-primera-foto-de-su-misi-n-a-marte/article_075dcf7c-6eb7-11eb-869c-cb57c9059d81.html"
"14/02/2021","Mari Yamaguchi, Associated Press","JAPÓN — Las autoridades japonesas aprobaron hoy su primera vacuna contra el Covid-19 y dijeron que comenzarían las vacunaciones en cuestión de días, meses después de Estados Unidos y muchos otros países.El Ministerio japonés de Salud dijo que había aprobado la vacuna codesarrollada por Pfizer Inc. y BioNTech.El anuncio se produjo después de que un comité del gobierno confirmara que los resultados finales de los ensayos clínicos realizados en Japón mostraron que la vacuna tenía una eficacia similar a la registrada en los ensayos en el extranjero.Muchos países comenzaron a vacunar a sus ciudadanos a finales del año pasado, y la vacuna de Pfizer se ha utilizado en otros lugares desde diciembre.Según el plan actual, unos 20,000 trabajadores médicos de primera línea en hospitales de Japón serán los primeros en vacunarse a partir del miércoles, aproximadamente. Otros 3.7 millones de trabajadores médicos irán después, seguidos por ancianos que deberían recibir sus inyecciones a partir de abril. Se espera que la población general pueda optar a vacunarse a partir de junio.Las vacunas están consideradas como cruciales para celebrar los aplazados Juegos Olímpicos de Tokio este verano. Se espera que Japón reciba 144 millones de dosis de Pfizer, 120 millones de AstraZeneca y unos 50 millones de Moderna antes de final de año, suficiente para cubrir a su población.Las vacunas desarrolladas en Japón están aún en las primeras fases de desarrollo, de modo que el país debe recurrir a importaciones. AstraZeneca pidió hace poco la aprobación de su fármaco en Japón, mientras que Moderna no lo ha hecho aún. La dependencia de Japón a las importaciones, muchas de ellas sujetas a los controles de exportación de la UE, también ha causado preocupación sobre el suministro.","Japón aprueba su primera vacuna contra el Covid-19","/el-mundo/jap-n-aprueba-su-primera-vacuna-contra-el-covid-19/article_29986bf2-6eb6-11eb-9ff9-9fc855aca1d0.html"
"una hora","Redacción elvocero.com","El Departamento de Salud reportó hoy en su informe 216 pacientes hospitalizados por Covid-19, un aumento de tres en comparación a la cifra informada ayer.Según la agencia, de las 216 personas hospitalizadas, hay 50 pacientes adultos en cuidados intensivos y 46 con ventilador.El número de hospitalizados por el virus se ha mantenido por debajo de los 300 —excepto el 3 de febrero— por las pasadas tres semanas.

Al momento, el País cuenta con 2,850 camas para adultos, 177 camas de intensivo y 795 ventiladores, así como 848 camas pediátricas, 64 camas de intensivo y 135 ventiladores pediátricos.
                        
                
                    
                
                
                
                
        
                        
                
            
            
        
                    
                
                
            
                
                
                    Gobierno
                
            
            
        
             
        

        
            Salud reporta cinco muertes y 920 casos adicionales de Covid-19
            Redacción elvocero.com
                
                    
                    
                    
                    
                    
                    
                    
                    
                
            
            
        Salud reportó hoy 930 casos entre confirmados y sospechosos.Con esto, la cifra acumulada asciende a 172,797 casos y a 1,919 muertes, entre confirmadas y probables, desde que comenzó la pandemia.","En 216 las hospitalizaciones por Covid-19","/gobierno/en-216-las-hospitalizaciones-por-covid-19/article_48983840-6eb4-11eb-a23d-171a9819d125.html"
"14/02/2021","Associated Press","NUEVA YORK — Un hombre no identificado podría ser el responsable de cuatro apuñalamientos distintos registrados en el espacio de unas horas en el metro de la ciudad de Nueva York, y que dejaron dos muertos, indicaron las autoridades.Los ataques ocurrieron entre el viernes por la mañana y ayer de madrugada, según indicó la Policía de Nueva York en una conferencia de prensa.Las cuatro víctimas eran personas sin hogar, según las autoridades.La policía buscaba a un hombre sospechoso de todas las agresiones, y revisaba las imágenes de las cámaras de seguridad. Los cuatro apuñalamientos ocurrieron en la línea A de metro.Una de las víctimas apareció muerta en un tren en Queens en torno a la medianoche del viernes, con múltiples heridas de arma blanca en el cuello y el torso. Dos horas más tarde se encontró a una mujer de 44 años asesinada a puñaladas en el metro en el norte de Manhattan.Los dos ataques no mortales, que afectaron a un hombre de 67 años y a otro de 43 años, también fueron en el norte de la isla.La policía de la ciudad dijo que desplegaría 500 agentes adicionales en la red de metro de toda la ciudad como medida de precaución.“A las víctimas, a las familias de las víctimas: estamos comprometidos al 100% en conseguir justicia (...) para dar a las familias una resolución de este terrible incidente”, dijo el comisario de la policía, Dermot Shea, en una conferencia de prensa.","Dos muertos y dos heridos en apuñalamientos en Nueva York","/el-mundo/dos-muertos-y-dos-heridos-en-apu-alamientos-en-nueva-york/article_498b7dc2-6eb2-11eb-907f-3376113e9822.html"
